T1,T2,T3,T4,T5,T6,T7,T8,W1,Target
0.011592595,0.029102638,0.007661677,0.44947204,0.012212741,0.4819854,0.0059991605,0.001973745,459,1
0.011845183,0.15608056,0.048334368,0.7120774,0.03958665,0.025123553,0.005243557,0.0017087383,583,1
0.019812727,0.33774114,0.012855365,0.42549515,0.015977044,0.03621646,0.0760696,0.07583249,424,1
0.01841873,0.08748569,0.011329713,0.8142912,0.017732108,0.038456433,0.009246929,0.0030392148,332,1
0.01838224,0.043339375,0.012415759,0.39818364,0.018760426,0.49624366,0.009540561,0.0031343037,337,1
0.028285723,0.19044167,0.0066248644,0.69498605,0.0112926075,0.061759517,0.004984084,0.0016254762,686,1
0.010213724,0.15423033,0.08693552,0.17280895,0.011153366,0.557729,0.0052215317,0.001707551,737,0
0.015667913,0.10335439,0.008586179,0.5904323,0.22651468,0.046212256,0.0069466988,0.0022855883,409,1
0.019781902,0.052705843,0.011446241,0.5562391,0.2818358,0.065715335,0.0092364345,0.0030392464,403,1
0.01665334,0.1389454,0.06951611,0.2366064,0.020028537,0.5075712,0.0080360165,0.0026429608,354,1
0.0115297055,0.03369787,0.0075260885,0.8871109,0.011981836,0.04017824,0.006001561,0.0019738222,529,1
0.01718504,0.073205866,0.051330026,0.76792604,0.01675864,0.062010225,0.008716705,0.0028674616,309,1
0.027694046,0.05405733,0.016597597,0.57127094,0.032476176,0.27996397,0.013595632,0.004344247,205,1
0.007832811,0.49844638,0.0046568126,0.28852764,0.008430924,0.18706697,0.0037932945,0.0012451401,979,1
0.016438426,0.038876392,0.010405831,0.30467469,0.016355814,0.6009552,0.009504238,0.0027894275,356,1
0.030345298,0.07238859,0.019553721,0.49565777,0.030603651,0.3296427,0.016562747,0.00524552,185,1
0.023173107,0.047847316,0.01492611,0.7037627,0.023363011,0.091880165,0.09104404,0.004003555,193,1
0.42409793,0.07478646,0.006866762,0.44208175,0.010687539,0.034725673,0.0051547317,0.0015991947,675,1
0.018413559,0.03876112,0.0113894595,0.86503965,0.017758217,0.03634677,0.00924858,0.0030426683,346,1
0.01834376,0.23100269,0.013429974,0.53876096,0.018722573,0.04177489,0.13492586,0.00303931,264,1
0.012020426,0.6303305,0.007699913,0.29481196,0.0120874,0.033549532,0.0074877664,0.002012484,447,1
0.031566236,0.44065973,0.016944958,0.40147942,0.027317755,0.06367006,0.013817063,0.004544732,171,1
0.011314402,0.036807008,0.008270934,0.31181192,0.5466932,0.07829374,0.0051300507,0.0016787186,667,1
0.0858756,0.1155615,0.018589446,0.5844747,0.029641155,0.14566767,0.015203123,0.004986775,132,1
0.02903345,0.3553478,0.015790926,0.44811305,0.024631048,0.11018676,0.012725795,0.0041711475,208,1
0.03294729,0.10988967,0.36749512,0.34990624,0.04815236,0.082993776,0.006519087,0.002096504,597,1
0.027486589,0.059452627,0.01804872,0.62357295,0.028204303,0.05450036,0.183982,0.0047524427,186,1
0.010186567,0.049469866,0.0062805307,0.38241184,0.019871637,0.5249888,0.005112216,0.0016785695,634,1
0.019451484,0.04523624,0.012464123,0.81856865,0.019732365,0.071054906,0.010151788,0.0033404226,199,1
0.23804232,0.05761703,0.016251951,0.4959659,0.027499536,0.10409176,0.05618502,0.0043464312,253,1
0.022588423,0.048421998,0.0919679,0.46708074,0.06145973,0.29291692,0.011711369,0.0038528745,238,1
0.018665016,0.059121113,0.067369714,0.41101924,0.017152913,0.06669659,0.357464,0.0025114552,504,1
0.025426932,0.46551713,0.092678346,0.31672475,0.0134284515,0.07854564,0.005780142,0.0018986674,559,1
0.023140142,0.04907715,0.015442654,0.7389594,0.023343975,0.13384293,0.012192719,0.0040010465,188,1
0.018247724,0.24372432,0.012260894,0.5747371,0.022376083,0.11599006,0.009530478,0.0031333757,239,1
0.030812394,0.13180222,0.020380367,0.35985884,0.36194023,0.073951945,0.016008575,0.0052453973,174,1
0.019620813,0.039190296,0.012452842,0.78497106,0.023879308,0.106392995,0.010152148,0.0033405232,234,1
0.020889819,0.26245943,0.013346564,0.5233329,0.020957101,0.1445439,0.0108905425,0.0035797406,271,1
0.009336237,0.30333555,0.0055759256,0.37232116,0.009429344,0.022399183,0.26109862,0.016503934,753,1
0.014587134,0.059498947,0.008632781,0.63559043,0.03796788,0.05741799,0.18407007,0.0022347814,415,1
0.027064428,0.1792936,0.013825413,0.623599,0.02183181,0.119403176,0.011275109,0.0037074648,213,1
0.02586238,0.04844662,0.014484891,0.4317342,0.02372199,0.06364297,0.3882585,0.0038484647,230,1
0.018446747,0.040602375,0.011719906,0.8626955,0.018282091,0.03559266,0.009527264,0.0031334867,313,1
0.04637693,0.032459013,0.009608732,0.27386212,0.58707637,0.040064696,0.007976634,0.0025754913,366,1
0.0293879,0.05898971,0.21571958,0.5295291,0.082834505,0.063396074,0.015156072,0.004987076,205,1
0.023139857,0.052150298,0.0150312325,0.8186075,0.024690112,0.050215214,0.012165102,0.0040006284,207,1
0.2321989,0.053613167,0.025897462,0.6430971,0.011816933,0.025975121,0.0055701616,0.0018311898,548,1
0.024572764,0.20695074,0.01966584,0.6454655,0.024682285,0.06178523,0.012708648,0.004169005,164,1
0.08064585,0.18680602,0.020116122,0.5806052,0.06693332,0.047767922,0.012960064,0.0041655144,190,1
0.023247419,0.054140188,0.014869606,0.8204333,0.022472652,0.04927953,0.011706286,0.0038510428,230,1
0.05904176,0.077586584,0.010169491,0.740217,0.06909694,0.032808688,0.008364946,0.002714563,394,1
0.061755538,0.35688084,0.008280658,0.47449756,0.01284905,0.07760596,0.00611783,0.0020125636,492,1
0.019401647,0.042144462,0.012821299,0.35881135,0.49980953,0.05310059,0.010677566,0.0032335455,225,1
0.010294007,0.3274921,0.005627353,0.5936867,0.039224423,0.017771762,0.004442248,0.0014614781,777,1
0.27073136,0.056640886,0.012091041,0.4323613,0.058133777,0.15723081,0.009677236,0.003133596,310,1
0.022822974,0.23699567,0.014347667,0.6426559,0.023742422,0.04389002,0.011696616,0.0038487315,236,1
0.05473052,0.08018196,0.00983192,0.44371247,0.32867098,0.07332743,0.0072069946,0.0023377324,441,1
0.032770064,0.058663048,0.018934207,0.68454736,0.029097572,0.10588805,0.06511257,0.0049871914,242,1
0.06521563,0.04658576,0.04862322,0.7403677,0.028391674,0.056369882,0.010869495,0.003576587,225,1
0.14913034,0.044166006,0.008243192,0.48870084,0.2695492,0.031375643,0.006648037,0.002186768,364,1
0.37579152,0.035495132,0.008149128,0.47126576,0.035223614,0.0667997,0.005476657,0.0017984725,651,1
0.012033136,0.04270041,0.0074832835,0.54424167,0.011553226,0.35372,0.02636925,0.0018989964,535,1
0.17884368,0.09115268,0.00901784,0.60670125,0.01794892,0.08666684,0.0072751525,0.0023936552,442,1
0.035928845,0.09224842,0.34438542,0.38766536,0.04573894,0.06894065,0.018879974,0.006212351,95,0
0.11581297,0.05416349,0.016929695,0.71501726,0.028895887,0.050824177,0.013815278,0.0045411927,213,1
0.10303128,0.7704366,0.0022892258,0.105297774,0.0036596444,0.0070212474,0.0018159903,0.0064482805,2111,1
0.022325892,0.09178759,0.34295622,0.46622896,0.021516232,0.041103218,0.01062731,0.0034545704,319,1
0.019566443,0.48060504,0.012280886,0.37648156,0.019204535,0.07874257,0.009884297,0.0032346814,381,1
0.06704466,0.16203547,0.010452833,0.6659727,0.016585076,0.06619813,0.008923174,0.0027879656,418,1
0.21350121,0.04554933,0.05315481,0.42803472,0.021682952,0.18863855,0.045983702,0.0034547232,203,1
0.01768423,0.12654884,0.010650802,0.51408106,0.017194225,0.1241585,0.03508201,0.15460034,339,1
0.18891342,0.09020564,0.009365406,0.6315041,0.014926854,0.05585398,0.0069453367,0.0022852696,474,1
0.020709107,0.031199485,0.3022249,0.55700266,0.01432931,0.064634204,0.0074494663,0.002450917,460,1
0.017785665,0.04123834,0.011517539,0.22952469,0.59648645,0.09152555,0.008970272,0.0029515077,362,1
0.273489,0.11878132,0.037931222,0.45668793,0.01627534,0.08605606,0.008136392,0.0026426967,378,1
0.022246182,0.04529093,0.013821287,0.71285665,0.021690622,0.13105656,0.049330104,0.003707642,192,1
0.0246124,0.048954777,0.015646057,0.7608021,0.024384016,0.10874691,0.0126818875,0.0041718623,226,1
0.027483832,0.055697616,0.017715238,0.7942534,0.030505748,0.055112682,0.014479194,0.004752296,166,1
0.022402992,0.08850142,0.014445706,0.362362,0.45279717,0.04394239,0.011698732,0.0038496032,230,1
0.079681486,0.07531153,0.0126345195,0.69663674,0.018669872,0.10439188,0.00953661,0.003137329,271,1
0.09808872,0.10171607,0.12345572,0.36932725,0.124073654,0.17739862,0.004479175,0.0014608277,874,1
0.038384143,0.09253778,0.02315462,0.71400726,0.036317114,0.07051099,0.01887672,0.0062114415,165,1
0.040914547,0.14439374,0.008602991,0.293305,0.040942006,0.4626958,0.0069118547,0.0022340063,611,1
0.024090597,0.04993718,0.01561824,0.81118286,0.024578882,0.057766896,0.012659753,0.0041655623,178,1
0.02625185,0.09937046,0.01724761,0.7169304,0.07133755,0.050285637,0.014037203,0.004539286,165,1
0.02024492,0.0411539,0.012883662,0.8384842,0.020329053,0.052936424,0.010513472,0.0034543434,270,1
0.011601868,0.11258053,0.006508272,0.61522526,0.14757596,0.07912743,0.025672853,0.0017078432,633,1
0.3698874,0.13429363,0.0042457217,0.33886135,0.026957389,0.09670492,0.027928524,0.0011211012,1025,1
0.03151916,0.23288949,0.006596112,0.34127313,0.030072303,0.16088387,0.0053431,0.19142282,619,1
0.01925049,0.03797974,0.012459859,0.30429545,0.020749293,0.59218276,0.009845691,0.0032367222,365,1
0.01981442,0.05531426,0.012451646,0.3591937,0.023071872,0.5166626,0.010151273,0.00334025,182,1
0.019874109,0.18032148,0.01015544,0.34200764,0.041438058,0.10021817,0.008549349,0.29743576,304,1
0.014937062,0.29464963,0.008166256,0.4005178,0.1229733,0.14986904,0.006701026,0.0021859151,496,1
0.09829469,0.054321483,0.014914356,0.37970674,0.10556642,0.33051175,0.012683717,0.0040008696,195,1
0.01900399,0.17063352,0.011699234,0.46447977,0.21581727,0.10560594,0.009625474,0.0031347747,280,1
0.01155099,0.08380925,0.0077551785,0.72054,0.033581845,0.13477577,0.006012566,0.0019744153,447,1
0.05937167,0.19531158,0.14066772,0.38785923,0.07651968,0.12529361,0.011268605,0.003707877,253,1
0.021176385,0.1104778,0.013714355,0.53527087,0.10442993,0.20187041,0.009826754,0.0032334982,296,1
0.010413108,0.06952172,0.5518137,0.21509367,0.10062275,0.050198723,0.0017930466,0.00054324954,2520,1
0.030164318,0.1269721,0.34653288,0.331886,0.03565672,0.057273183,0.06652746,0.004987303,140,0
0.033622418,0.2223544,0.014371449,0.4576849,0.063988045,0.19217527,0.011954525,0.0038489897,325,1
0.021678759,0.060885504,0.01616659,0.42529944,0.24894637,0.21301052,0.01055762,0.0034552254,299,1
0.030047443,0.04401612,0.013340785,0.77165,0.021159865,0.04341833,0.07279091,0.0035765213,225,1
0.09328778,0.3400965,0.012091569,0.45184305,0.018954761,0.038705032,0.04178661,0.003234669,258,1
0.3898298,0.121991664,0.008130283,0.16759628,0.11964492,0.18432043,0.006390427,0.0020961938,656,1
0.022358764,0.04596756,0.01619532,0.6738851,0.114570245,0.1114511,0.011717345,0.0038545458,267,1
0.27306598,0.045556765,0.013661614,0.5246431,0.022067754,0.07272913,0.04493497,0.0033406657,305,1
0.02653274,0.10485808,0.04805006,0.7170017,0.020210776,0.038670298,0.010268193,0.034408182,277,1
0.023578154,0.12292466,0.012918108,0.58993995,0.020634279,0.08572927,0.14081967,0.0034559343,236,1
0.096596204,0.046357967,0.011040717,0.4012882,0.29011974,0.1423515,0.009294106,0.0029515903,355,1
0.056960516,0.32717094,0.049420886,0.31388327,0.08248021,0.025337806,0.1431965,0.0015498069,699,1
0.18211202,0.23253757,0.065053225,0.2152017,0.10412532,0.036362007,0.14004031,0.024567816,436,1
0.099478416,0.045504525,0.061628334,0.3737687,0.14679612,0.1604483,0.00899366,0.10338193,300,1
0.19612086,0.074774124,0.008871166,0.60691065,0.022059955,0.08180079,0.0071251364,0.0023373566,494,1
0.1805048,0.049472574,0.013591852,0.6777827,0.021034352,0.043079656,0.010957482,0.0035765707,251,1
0.10802195,0.298651,0.08605294,0.3345433,0.12671584,0.036629267,0.0070996997,0.0022860335,490,0
0.07473701,0.044598747,0.012929073,0.5048964,0.04370585,0.20655091,0.10912655,0.003455435,233,1
0.02144749,0.11966712,0.056504678,0.34811652,0.02771296,0.4120994,0.010873791,0.0035780221,253,1
0.0640187,0.049998548,0.01553497,0.5682951,0.028153285,0.1739936,0.013943372,0.08606244,181,1
0.016469738,0.44049057,0.010720011,0.36898085,0.08266375,0.06941295,0.008473873,0.0027882734,343,1
0.045825854,0.17209837,0.010231989,0.43387794,0.11794717,0.06699835,0.15037659,0.002643736,399,1
0.011429398,0.1642384,0.007216752,0.5231231,0.032073062,0.06373191,0.19625159,0.0019358094,573,1
0.012191354,0.17951222,0.08752924,0.28573933,0.1624958,0.2649888,0.0056782537,0.001864938,513,0
0.2907522,0.06996375,0.03701582,0.38295245,0.04617391,0.121381044,0.049185317,0.002575517,409,1
0.30048433,0.09376043,0.013033005,0.48244783,0.020314319,0.075692795,0.0109263435,0.0033409519,236,1
0.015025187,0.074280515,0.01620186,0.41858184,0.26866305,0.12253936,0.082195476,0.0025127362,507,1
0.1885382,0.12973231,0.06239621,0.5284862,0.02493249,0.050938282,0.011268491,0.0037078443,198,1
0.07572372,0.43247455,0.005406662,0.3475893,0.011440935,0.02781302,0.09817095,0.0013808183,809,1
0.041251205,0.13117689,0.009649068,0.47363278,0.07785264,0.25602043,0.007839719,0.0025772539,376,1
0.021648468,0.04205367,0.013331864,0.6598636,0.021618709,0.19002414,0.047883224,0.0035763823,261,1
0.46332088,0.06319743,0.016922308,0.28704825,0.028178578,0.12271674,0.014076349,0.004539505,174,1
0.040936682,0.119647816,0.4206372,0.19205503,0.05950384,0.16381887,0.0025658805,0.0008346899,1515,1
0.1883869,0.045549817,0.013341844,0.6113507,0.021086115,0.10582902,0.010876911,0.0035786638,249,1
0.07162704,0.062460143,0.014915462,0.63980675,0.08677851,0.108176604,0.012234317,0.004001122,219,1
0.01778087,0.06806783,0.009368771,0.6879543,0.123176366,0.083488315,0.0076516126,0.0025119989,409,1
0.21888858,0.050648663,0.014355749,0.6250888,0.026894122,0.0485704,0.011705134,0.0038485145,171,1
0.020287445,0.23242174,0.0129596535,0.5719418,0.02066788,0.12775844,0.01050832,0.003454739,193,1
0.02104833,0.07331149,0.2525424,0.5315718,0.021159096,0.085721985,0.011064773,0.0035801574,239,1
0.022352144,0.18259357,0.10868842,0.4052078,0.077465214,0.1270888,0.07302715,0.0035769145,208,0
0.023766443,0.20754753,0.046251036,0.5811469,0.017235951,0.039899077,0.08143978,0.0027132474,365,1
0.024362337,0.06095462,0.015844392,0.57696587,0.024819437,0.2802249,0.012662962,0.0041654366,190,1
0.013192949,0.10799814,0.05899404,0.48558545,0.04666615,0.1589546,0.10251203,0.02609668,478,1
0.018451303,0.12210548,0.011382461,0.53477395,0.19095983,0.11038111,0.008993947,0.0029518816,371,1
0.06796202,0.14610907,0.016206974,0.3607691,0.032880336,0.23003995,0.013212702,0.13281982,176,1
0.03353447,0.14291985,0.015092097,0.288322,0.24330944,0.0719336,0.20088707,0.0040014936,235,1
0.025733855,0.07726802,0.015659442,0.7910566,0.02692918,0.046528764,0.0126587795,0.004165396,176,1
0.020930719,0.05219575,0.01338737,0.74360764,0.021975981,0.09407805,0.050369732,0.0034547334,258,1
0.027502403,0.055357806,0.017726324,0.7829093,0.027745247,0.069542244,0.014461862,0.0047548274,198,1
0.046866562,0.11480202,0.04021516,0.7341214,0.0177855,0.034281813,0.008976682,0.0029508616,337,1
0.03571424,0.077607915,0.017147698,0.4551449,0.0071634026,0.25135407,0.14292277,0.012944997,860,1
0.110544786,0.060597878,0.014346251,0.62766474,0.022453351,0.14835852,0.012185958,0.0038484982,252,1
0.07747784,0.12640907,0.016922569,0.6428489,0.027934374,0.09007162,0.013796083,0.0045395647,164,1
0.02627227,0.10275579,0.061831538,0.6568729,0.027875876,0.060814943,0.059034687,0.0045419186,211,1
0.19249454,0.17562878,0.00551032,0.4263912,0.05222898,0.14200164,0.004324551,0.0014200129,715,1
0.011463054,0.057393085,0.35225987,0.43243393,0.012800741,0.04873599,0.08297772,0.0019355748,608,0
0.06363459,0.14650954,0.34699523,0.2805143,0.065655656,0.08851321,0.0062416745,0.0019358075,624,1
0.011852021,0.25780183,0.007110772,0.5360779,0.037269782,0.123004206,0.02505359,0.0018298991,739,1
0.20065752,0.28235197,0.010710079,0.42687103,0.02596307,0.041857116,0.00872048,0.0028687231,318,1
0.07553999,0.18250646,0.009993817,0.4681872,0.045051217,0.2075728,0.0085048275,0.0026436648,342,1
0.04092945,0.2019786,0.0078251995,0.30637288,0.16268869,0.27246827,0.0058382973,0.0018985913,583,1
0.025858888,0.22529899,0.014921371,0.41477448,0.023990469,0.27365702,0.01749775,0.0040010232,273,1
0.025132522,0.21325678,0.045100145,0.54846966,0.10543741,0.047599085,0.011296757,0.0037076767,242,1
0.07749792,0.23729269,0.011865297,0.39548758,0.15933047,0.043653674,0.07192133,0.0029510735,310,1
0.025251865,0.10355107,0.016421044,0.76084614,0.026220404,0.049803555,0.013561629,0.0043442342,186,1
0.077277675,0.029717755,0.008295679,0.19610731,0.03678497,0.6099236,0.039753355,0.0021396657,483,1
0.061040945,0.24823612,0.0092795575,0.4672498,0.013539535,0.19142577,0.007132641,0.002095577,583,1
0.018144164,0.44283155,0.013342113,0.42414412,0.054204695,0.03466348,0.009533383,0.0031364495,298,0
0.024991913,0.043365113,0.013830141,0.66731644,0.07125685,0.16426417,0.011267765,0.0037076417,209,1
0.019328848,0.067202,0.23701267,0.3666589,0.021381127,0.27468958,0.01038511,0.0033417514,220,1
0.083031975,0.08986795,0.012133048,0.5522973,0.01909674,0.08307297,0.15726507,0.0032349543,217,1
0.048055936,0.046630334,0.008366906,0.59260404,0.01232832,0.10138021,0.18853782,0.0020964753,421,0
0.026265271,0.09974181,0.016979786,0.62089366,0.031198803,0.18657084,0.01381039,0.004539436,221,1
0.032024387,0.12759155,0.087763794,0.63602173,0.03234536,0.06190367,0.016816549,0.0055329218,178,1
0.07025116,0.07196002,0.012496867,0.40116665,0.16783845,0.26279482,0.010151669,0.0033403873,254,1
0.01990648,0.19266406,0.012607434,0.6664343,0.041092563,0.053755756,0.010198991,0.0033404843,284,1
0.02210798,0.16192251,0.05199745,0.5215811,0.036093183,0.05702467,0.014378725,0.13489437,245,1
0.027501896,0.4152684,0.024847915,0.3769582,0.032446694,0.056836616,0.06138567,0.0047546206,259,1
0.1990952,0.1559995,0.016457483,0.49286497,0.024820065,0.04916133,0.057433914,0.004167542,206,1
0.021687513,0.30068398,0.013427282,0.56829673,0.02191031,0.05954885,0.010868908,0.00357641,277,1
0.09352452,0.10483494,0.013062183,0.3922842,0.12126624,0.26087007,0.010816836,0.003340958,300,1
0.07566781,0.06253471,0.010493949,0.49344045,0.28678823,0.03311527,0.035245508,0.0027140689,438,1
0.1064359,0.050234992,0.056677453,0.24938789,0.4215679,0.098869756,0.012660309,0.0041658236,261,1
0.027845616,0.10782016,0.17750867,0.50603676,0.027537983,0.13569905,0.013207011,0.00434477,211,1
0.007356825,0.26719254,0.0047801523,0.3321728,0.21684717,0.15449296,0.015927887,0.0012296758,936,1
0.009998409,0.07708091,0.006614393,0.4575527,0.23400998,0.01761235,0.004450819,0.1926805,753,1
0.29374734,0.06362486,0.039379824,0.47462296,0.018502558,0.0671605,0.040093213,0.0028687303,344,1
0.01481801,0.12835723,0.009631525,0.7580559,0.014971213,0.06401841,0.0076354453,0.0025122643,454,1
0.07359091,0.11273709,0.016706295,0.55628765,0.021637559,0.07046296,0.071836896,0.07674065,327,1
0.009122402,0.065893576,0.006404416,0.57473683,0.15807196,0.18018416,0.004206126,0.0013805877,796,1
0.24377282,0.06199012,0.0065083397,0.48171893,0.08123241,0.083238706,0.039801914,0.0017367512,565,1
0.008364319,0.13024873,0.14543672,0.5676102,0.056446765,0.061763372,0.004316876,0.025813,903,1
0.020800523,0.042384867,0.012962505,0.5739527,0.021352258,0.31457445,0.010517399,0.0034553001,345,1
0.022355685,0.05093486,0.07182925,0.45794567,0.022919614,0.35845968,0.01170433,0.0038508994,208,1
0.03529744,0.14743653,0.045748964,0.39977628,0.08718308,0.17447573,0.10853159,0.001550404,754,1
0.012519231,0.14180706,0.01158707,0.56317854,0.18700148,0.033708826,0.048102025,0.0020957862,448,1
0.016375974,0.04002411,0.010539097,0.5688662,0.017987479,0.16826959,0.17514919,0.0027884252,319,1
0.03173633,0.059646573,0.11827804,0.6741911,0.029954907,0.066050746,0.015155385,0.004986884,157,1
0.19461824,0.10905777,0.008205698,0.44826114,0.012970934,0.21790563,0.006793981,0.0021865747,452,1
0.027978316,0.10792764,0.05918214,0.3289573,0.4003317,0.058043282,0.013232923,0.004346748,264,1
0.016600288,0.08395804,0.010829212,0.45187062,0.017932491,0.4072074,0.008733776,0.0028681094,426,1
0.017582731,0.33684272,0.042127833,0.4059204,0.018905705,0.13559008,0.039990555,0.0030400124,354,1
0.025420018,0.07381584,0.29415688,0.49873328,0.028101966,0.06221774,0.013208351,0.004345941,200,1
0.014533171,0.07466075,0.009471862,0.7080677,0.07150194,0.06161476,0.057637352,0.0025124406,340,1
0.071056105,0.18235163,0.010349754,0.40648064,0.067084044,0.2516914,0.008273092,0.0027132723,391,1
0.117888935,0.073324785,0.03480643,0.2690734,0.08003473,0.38715848,0.03623116,0.0014821235,816,1
0.100285284,0.12841472,0.016334565,0.6362759,0.022532448,0.08060333,0.011703029,0.003850732,217,1
0.01665693,0.046598945,0.010699513,0.6150774,0.01986683,0.27951333,0.008718473,0.0028685397,335,1
0.07556236,0.06297916,0.016951721,0.6990985,0.075088814,0.051975742,0.013802327,0.0045413133,179,1
0.024578232,0.08287522,0.084073246,0.48919213,0.029714985,0.08978221,0.11671389,0.08307007,221,1
0.058587212,0.16857226,0.0122809615,0.4164912,0.018870953,0.15090606,0.17105715,0.0032342372,261,1
0.18872195,0.20379807,0.011335552,0.38742858,0.017768227,0.17866571,0.009241283,0.003040605,300,1
0.022183932,0.1529786,0.1057693,0.6292191,0.021927295,0.052939765,0.011272956,0.003709093,227,1
0.027215205,0.054663308,0.06388978,0.70755875,0.026988277,0.05649197,0.058653325,0.004539366,185,1
0.020707443,0.045902725,0.01336864,0.71551484,0.09385404,0.09619938,0.0108751375,0.003577762,284,1
0.049872354,0.15120025,0.007712998,0.4771925,0.16697438,0.13865636,0.006337427,0.00205375,442,1
0.26348457,0.24329771,0.031127274,0.40405798,0.022401603,0.02716531,0.00636974,0.0020958341,524,1
0.017297942,0.16464935,0.08381237,0.6003695,0.019805197,0.10214718,0.008967686,0.0029507752,390,1
0.14772113,0.06235511,0.013957157,0.42100313,0.085195184,0.25525117,0.011062507,0.003454612,278,1
0.0614622,0.038330145,0.0108771855,0.6680977,0.016629308,0.05155622,0.15025885,0.0027884587,240,1
0.0865907,0.14162573,0.011293061,0.41330978,0.23505099,0.10912374,0.0022688378,0.0007372218,1422,1
0.16007034,0.034001596,0.01039294,0.4692025,0.01626545,0.29875824,0.008521074,0.0027878927,339,1
0.018342057,0.14833188,0.20335187,0.445858,0.05207811,0.11911763,0.009784566,0.0031358842,334,1
0.08002824,0.16469575,0.011254187,0.5203594,0.05756679,0.12507384,0.038069714,0.0029521075,371,1
0.0147521375,0.03313576,0.008884064,0.6712666,0.109981105,0.12953007,0.0071448525,0.025305424,361,1
0.02948154,0.05000012,0.068335496,0.60079634,0.022182694,0.1962257,0.030583916,0.0023941568,416,1
0.04251045,0.02509784,0.05553228,0.57517153,0.0101252645,0.092454895,0.19740106,0.0017067174,657,1
0.029082539,0.059591327,0.018589994,0.7863778,0.030467516,0.055736937,0.0151669765,0.0049869483,173,1
0.08615263,0.05368741,0.022176431,0.24898145,0.25322092,0.32941836,0.00478894,0.0015738818,667,1
0.020917784,0.5981445,0.08450535,0.17019509,0.04866654,0.0361474,0.003755954,0.037667356,833,0
0.11401046,0.13572073,0.014941211,0.605277,0.027694501,0.046652254,0.051702615,0.004001227,178,1
0.01734139,0.195746,0.0105833905,0.65807015,0.016904982,0.06342109,0.035218503,0.0027145257,311,1
0.044701558,0.3900298,0.012682703,0.28708065,0.051053874,0.17042458,0.04089266,0.003134215,342,1
0.12250238,0.040305905,0.010333565,0.27353027,0.016493952,0.4988286,0.035291974,0.0027133483,363,1
0.014657541,0.19415927,0.03726632,0.5929539,0.016823696,0.05826129,0.08342657,0.0024514026,374,1
0.020174056,0.10358743,0.012877083,0.73320043,0.020422917,0.095785685,0.010498005,0.0034543653,249,1
0.07569582,0.08230055,0.017014226,0.59234744,0.028061355,0.05167611,0.01386326,0.13904122,226,1
0.01672978,0.06615581,0.013226821,0.58642393,0.017413754,0.2884346,0.008746319,0.0028689401,278,1
0.1275261,0.20715435,0.005745595,0.3794916,0.011853946,0.26212403,0.004600101,0.0015042833,803,1
0.018167485,0.07058849,0.17738666,0.2723885,0.08249152,0.3477557,0.0070255185,0.024196157,432,1
0.030343477,0.061223555,0.07137363,0.72233087,0.032291185,0.061232507,0.015958406,0.0052463636,179,1
0.16202453,0.045407664,0.0068323663,0.39628503,0.010950893,0.37117514,0.0055267233,0.0017976491,613,1
0.053947955,0.6268444,0.04646241,0.09592301,0.061357733,0.082582355,0.02768308,0.005199036,2579,1
0.0494073,0.08148871,0.010814028,0.62204593,0.019375531,0.08587303,0.12812787,0.0028676249,253,1
0.053996913,0.16653326,0.016514136,0.44358552,0.05221586,0.16226076,0.009855492,0.09503809,271,1
0.01839137,0.22518037,0.009185569,0.483918,0.038847405,0.06007263,0.16195394,0.0024506415,344,1
0.050939076,0.122700505,0.012796266,0.33908543,0.017279254,0.41613635,0.03811214,0.0029509403,343,1
0.01958501,0.12982133,0.010973781,0.6283001,0.077586226,0.122132525,0.008734042,0.002867039,270,1
0.033010997,0.09760047,0.22190012,0.46581405,0.065796286,0.09861838,0.01309074,0.0041689547,247,1
0.017530292,0.30624917,0.20401242,0.3194688,0.021295952,0.0904258,0.008968758,0.032048874,338,0
0.014765399,0.16336046,0.07299646,0.48738995,0.01755696,0.06753079,0.17394948,0.00245046,359,1
0.056018047,0.15186432,0.015140787,0.46857515,0.06135589,0.04325298,0.0108721005,0.19292073,257,1
0.027500363,0.107954,0.018821687,0.64935964,0.028782237,0.14837804,0.014449652,0.0047543533,144,1
0.02997744,0.06252997,0.01713344,0.6318439,0.029815292,0.10513976,0.11902093,0.0045392415,166,1
0.019715833,0.054058086,0.012629898,0.6734643,0.022314286,0.20432106,0.010155164,0.003341368,281,1
0.037440658,0.21445905,0.22001155,0.3834038,0.012021993,0.042187218,0.08857639,0.0018993818,623,1
0.01706178,0.25766766,0.038983006,0.3489411,0.22138335,0.104651,0.008523212,0.002788886,327,1
0.20605265,0.11149747,0.010999573,0.60806376,0.018160056,0.033308357,0.0089673735,0.002950737,369,1
0.024094407,0.062407814,0.050947398,0.65085095,0.14784008,0.047017023,0.01267628,0.004166052,205,1
0.022955393,0.04912451,0.0143868895,0.83108974,0.02249175,0.044399615,0.011701857,0.0038502119,244,1
0.02336039,0.052634884,0.014915948,0.6203622,0.023847839,0.20916437,0.05171313,0.0040012323,217,1
0.099465325,0.20014837,0.016923435,0.36978573,0.06387191,0.23146868,0.013796785,0.004539761,206,1
0.08031094,0.06990341,0.06388181,0.33226064,0.3128357,0.11371147,0.025329472,0.0017665649,614,1
0.023963863,0.22959411,0.01464635,0.45556143,0.0335712,0.18819965,0.011699036,0.042764354,212,1
0.03985428,0.054915134,0.14353512,0.5293271,0.054903056,0.038820695,0.0052061086,0.1334385,532,1
0.016594179,0.15693702,0.010736162,0.65986353,0.017449418,0.09847822,0.037074365,0.0028670735,301,1
0.02068471,0.09471281,0.0133327795,0.664995,0.06277934,0.12838814,0.0115305735,0.0035765916,275,1
0.02008318,0.09053878,0.011682414,0.7038658,0.118724406,0.042431787,0.00953983,0.0031338094,301,1
0.027870953,0.054822158,0.016921211,0.7131818,0.026524873,0.09747797,0.058661778,0.0045392546,183,1
0.025269857,0.10755145,0.017314114,0.75767416,0.02535573,0.049282,0.013207071,0.0043455837,241,1
0.019476352,0.19014667,0.11145177,0.52734435,0.020300094,0.117122576,0.0108176805,0.0033404764,290,1
0.26734617,0.2443088,0.007509313,0.3151961,0.012728056,0.14477354,0.006165108,0.0019728786,555,1
0.030958606,0.09239713,0.014919274,0.7759442,0.023409694,0.0462062,0.012162902,0.0040020244,175,1
0.036661785,0.2737946,0.023579787,0.53583574,0.036240764,0.06879634,0.018879268,0.006211645,142,1
0.009988653,0.35347083,0.10960515,0.15597937,0.075612456,0.055720363,0.0047922465,0.23483096,774,0
0.009070959,0.07310511,0.0060500843,0.5691216,0.034100026,0.15399006,0.022625182,0.13193694,689,1
0.06735472,0.06100574,0.010633716,0.2912228,0.0485529,0.5098179,0.008623617,0.0027885898,391,1
0.057988483,0.09765586,0.031746868,0.46107218,0.29307842,0.043476306,0.011272813,0.0037090469,226,1
0.19667323,0.0598622,0.01788865,0.49727547,0.15587321,0.05487612,0.013206553,0.004344563,241,1
0.036726475,0.06812269,0.15578623,0.41286838,0.19780843,0.11412172,0.010989353,0.0035767013,259,1
0.06984613,0.18416405,0.062201362,0.33497393,0.14471352,0.19702896,0.005365048,0.0017069995,692,1
0.061322387,0.04364782,0.013820079,0.7624593,0.0224435,0.080207266,0.012392301,0.003707365,202,1
0.021780808,0.07492136,0.032772005,0.4680866,0.12661494,0.2637168,0.009156818,0.0029507196,322,1
0.037035625,0.17664054,0.0663818,0.42414588,0.2090697,0.077495545,0.006945571,0.0022852924,568,1
0.057576384,0.074658565,0.017716326,0.6285084,0.13461468,0.06739006,0.014783092,0.004752545,152,1
0.1599795,0.25438774,0.065682575,0.38423252,0.030783452,0.085671745,0.014508952,0.004753506,185,1
0.09800937,0.062057767,0.019604119,0.4174364,0.20416936,0.17750719,0.015970374,0.0052454555,146,1
0.022769252,0.1889484,0.014058272,0.36701527,0.07530813,0.31692174,0.011270524,0.0037084005,298,1
0.13358214,0.072460674,0.04706918,0.6037481,0.020224016,0.04071859,0.010498393,0.07169897,244,1
0.00680993,0.15598549,0.053593464,0.3155312,0.123627655,0.06698842,0.07968886,0.19777499,1014,0
0.07444006,0.05743725,0.01771609,0.73629355,0.0277275,0.06719004,0.014442993,0.0047524907,147,1
0.018489461,0.5168002,0.19473381,0.15724657,0.035666525,0.030232001,0.045180306,0.0016510928,601,0
0.012567971,0.029943757,0.008144377,0.4617909,0.11204935,0.36684418,0.0065194075,0.0021400878,494,1
0.026266795,0.06468236,0.016942272,0.77954906,0.02648283,0.06774283,0.013794679,0.004539173,150,1
0.011707713,0.21588007,0.047284868,0.37041357,0.060897477,0.10544134,0.18654458,0.0018303813,588,1
0.022005854,0.09747956,0.009637697,0.5798036,0.063049555,0.07151093,0.15422817,0.0022845997,452,1
0.07723975,0.085117325,0.010208344,0.50350296,0.14097944,0.17227603,0.008033355,0.002642801,435,1
0.028352557,0.10012816,0.015529629,0.7670867,0.025202367,0.046602074,0.0129326545,0.004165875,181,1
0.026968693,0.068407975,0.11492612,0.62990886,0.09629801,0.028513717,0.032464672,0.0025119332,370,1
0.022655588,0.040195975,0.013674261,0.56592816,0.07815859,0.040539656,0.23561339,0.0032343739,290,1
0.024105847,0.20488079,0.01580398,0.57994616,0.028438127,0.12999089,0.012666558,0.004167614,185,1
0.01988932,0.055491168,0.15820223,0.52261025,0.067188405,0.07131141,0.10296982,0.002337428,445,1
0.055715848,0.2683202,0.008236208,0.5175387,0.013447173,0.12791057,0.0066448892,0.0021863708,394,1
0.014842816,0.02983217,0.009413302,0.5647786,0.10505768,0.2659256,0.007638134,0.0025116974,448,1
0.023148851,0.06083006,0.11334107,0.4605501,0.023401879,0.302119,0.012606992,0.0040020715,231,1
0.0832424,0.09727167,0.22935177,0.47981405,0.022468941,0.07550188,0.009309409,0.003039828,329,1
0.031959623,0.18039279,0.0143000195,0.37481135,0.093381315,0.18423411,0.11208785,0.008832896,1580,1
0.02384976,0.10098942,0.013914597,0.50054044,0.12312146,0.22274858,0.011259016,0.0035766975,272,1
0.22207484,0.06366681,0.01858999,0.3895379,0.20936252,0.04260728,0.050312195,0.0038484822,225,1
0.10277042,0.16103327,0.0060024317,0.2563979,0.010099271,0.42447028,0.02181554,0.01741084,737,1
0.031136489,0.32153863,0.006580774,0.34487036,0.06229419,0.021057243,0.21078639,0.0017359237,553,1
0.102249384,0.11123534,0.029688833,0.40885067,0.085453495,0.12115875,0.13939062,0.0019729226,508,1
0.29663518,0.04881503,0.08100197,0.35667646,0.07193145,0.074310146,0.040292367,0.030337347,387,1
0.053038143,0.1798425,0.011751146,0.39817992,0.019340381,0.32513312,0.009581417,0.0031334076,271,1
0.10031425,0.064309426,0.044021107,0.5469991,0.04285273,0.12434563,0.07392381,0.003233953,226,1
0.20846975,0.06281867,0.018714508,0.47145987,0.16224082,0.057957377,0.013799501,0.0045395102,239,1
0.040318314,0.07810987,0.024678282,0.7086683,0.03871528,0.08277123,0.020118905,0.0066198255,221,1
0.033024643,0.07107653,0.26535204,0.43241328,0.04106636,0.07977343,0.072753966,0.0045397533,160,1
0.27581233,0.058348335,0.018595925,0.4918097,0.07873901,0.05654614,0.0151602775,0.004988252,141,1
0.28892857,0.11716705,0.009013579,0.3904447,0.012586886,0.15196724,0.027838573,0.0020534277,547,1
0.019324785,0.17467518,0.08394457,0.39785576,0.25377724,0.056926582,0.010154605,0.0033412485,306,1
0.017220251,0.25378314,0.010684005,0.47313476,0.04456216,0.1282518,0.06957542,0.0027884594,327,1
0.020672081,0.16936581,0.03729206,0.402741,0.14124174,0.07879098,0.041808266,0.10808809,293,0
0.058072995,0.039238457,0.011916835,0.46917823,0.05274386,0.3548896,0.010826577,0.0031334597,335,1
0.014314135,0.13307436,0.25026962,0.32058355,0.017097099,0.1352046,0.0077879536,0.12166866,377,1
0.10269879,0.09278187,0.016342917,0.44695508,0.21762116,0.053610306,0.065645374,0.004344531,217,1
0.01817099,0.15885086,0.14882705,0.51357806,0.09217001,0.0599351,0.0064150672,0.002052865,440,1
0.008464997,0.3338346,0.050403193,0.31055436,0.16554968,0.12541701,0.004395347,0.001380807,743,1
0.029662896,0.20125756,0.28095552,0.3242044,0.016792884,0.03551037,0.10910443,0.002511928,369,1
0.020097358,0.17057233,0.013080726,0.4678861,0.12195878,0.19245194,0.010498241,0.003454524,312,1
0.020041918,0.09022334,0.013262327,0.54723656,0.08811442,0.079434425,0.010989615,0.15069738,343,1
0.031294152,0.15600604,0.018247893,0.4868845,0.021298494,0.12828186,0.11906701,0.038920026,262,1
0.010728864,0.20718323,0.14231953,0.40773016,0.011824321,0.03874423,0.17967209,0.0017975683,679,1
0.022735208,0.16176909,0.34487823,0.38205883,0.028000854,0.044973582,0.011735572,0.0038486335,181,1
0.007738314,0.055292476,0.004797123,0.6022359,0.066038586,0.13246703,0.045167048,0.086263545,1069,1
0.0206814,0.040729016,0.0128772,0.6453232,0.062170524,0.17008851,0.010546585,0.037583567,294,1
0.0816402,0.06632194,0.017718334,0.42428625,0.029217554,0.26646152,0.015650893,0.0987033,186,1
0.12746404,0.05602104,0.014820518,0.41589716,0.13165335,0.23959845,0.010968801,0.0035766186,315,1
0.049621895,0.30255038,0.061121732,0.37140813,0.022260679,0.18148255,0.010726918,0.00082769454,1663,1
0.021500451,0.05805924,0.050558772,0.5768197,0.02194535,0.21968254,0.011271658,0.04016225,244,1
0.01642472,0.11217043,0.010118294,0.4652273,0.025381178,0.33306795,0.008248953,0.02936118,461,1
0.099346496,0.0454248,0.22991052,0.36323518,0.009705806,0.2137786,0.0048614987,0.033737127,604,1
0.03949488,0.07204352,0.011288866,0.5760569,0.2033682,0.03047767,0.06475823,0.0025117672,360,1
0.110861726,0.29506537,0.011726629,0.4662534,0.020626323,0.045089733,0.04724352,0.0031332762,328,1
0.07844962,0.27956367,0.008242581,0.4374376,0.013290852,0.17437388,0.0065022614,0.0021395753,423,1
0.18559591,0.07632579,0.020625174,0.3490517,0.19828357,0.14777043,0.016814614,0.005532774,179,1
0.015216105,0.233854,0.17337501,0.3264947,0.055451777,0.072917365,0.030491132,0.09219991,577,1
0.02748624,0.1431132,0.20573169,0.45098522,0.02779969,0.12568763,0.014443687,0.004752685,225,1
0.095863216,0.06668681,0.010944712,0.54488266,0.097281985,0.1724589,0.009013971,0.0028677857,347,1
0.24482599,0.20022698,0.009058256,0.34509093,0.06431494,0.07779524,0.0562946,0.0023930515,444,1
0.017555695,0.33392948,0.057233807,0.17305462,0.017204147,0.32409325,0.07406137,0.002867589,471,1
0.0648418,0.036678918,0.011065271,0.76672876,0.061058626,0.047701888,0.008973718,0.002951017,488,1
0.02309772,0.100857764,0.014383013,0.51431656,0.0846721,0.20986892,0.049095005,0.0037088953,277,1
0.02471283,0.21162798,0.24836798,0.3784632,0.018743515,0.07253232,0.042685047,0.0028672,329,1
0.026746854,0.1578646,0.060964882,0.38379514,0.27735347,0.075674884,0.013254736,0.0043454384,255,1
0.018129552,0.19279195,0.013012785,0.6440317,0.019497044,0.037870485,0.07153197,0.003134542,298,1
0.051192816,0.18196565,0.064580664,0.40564904,0.024313483,0.110455886,0.011683747,0.1501587,180,0
0.06260016,0.27432308,0.09800651,0.38879716,0.10537453,0.061377283,0.0071831723,0.0023380967,422,1
0.020889323,0.16059272,0.19060473,0.5034186,0.075700834,0.036135543,0.009524361,0.0031338986,290,1
0.106479496,0.16841371,0.048247237,0.28797606,0.07717915,0.30665419,0.0038051282,0.0012450521,814,1
0.025125826,0.14344282,0.016195158,0.68003875,0.025709543,0.09194033,0.01320306,0.0043444606,251,1
0.007480218,0.4160677,0.2611136,0.18300016,0.007928908,0.1192953,0.003884192,0.0012299307,928,0
0.044396352,0.058876645,0.16507281,0.32910588,0.1544114,0.23131101,0.012660137,0.004165772,275,1
0.022805328,0.046240706,0.014453999,0.7422095,0.095308535,0.06223678,0.012895675,0.0038494756,244,1
0.05804008,0.42944458,0.008724094,0.4312029,0.0138580855,0.027620297,0.0288759,0.0022341132,430,1
0.042860854,0.28347233,0.009636434,0.50363225,0.020158242,0.078917414,0.058746565,0.0025759272,419,1
0.21682328,0.05433934,0.014010815,0.59643775,0.02385282,0.042937756,0.0478906,0.00370767,219,1
0.024641348,0.09941878,0.015529431,0.6378795,0.02563571,0.13670349,0.056025904,0.004165827,240,1
0.04852754,0.2060947,0.07846727,0.3584717,0.019308656,0.11485326,0.07514599,0.09913088,231,1
0.04786804,0.053503253,0.012456032,0.7114469,0.032582507,0.09397482,0.011968591,0.0361999,336,1
0.20563526,0.057470646,0.019282566,0.602732,0.031125732,0.06455721,0.014443875,0.004752738,170,1
0.11008828,0.122992076,0.013332061,0.6659166,0.021235669,0.051445093,0.011413738,0.0035764277,210,1
0.026437491,0.046694484,0.01148522,0.31489623,0.441113,0.11729566,0.03903789,0.0030400911,295,0
0.055572283,0.07417174,0.42512196,0.23011266,0.021013519,0.055074047,0.13629104,0.002642769,415,0
0.022075789,0.056521498,0.013458837,0.3533307,0.18523507,0.10826454,0.010567071,0.2505465,351,1
0.09553495,0.13541195,0.008334698,0.7042404,0.01722168,0.030223573,0.0067988206,0.0022340114,393,1
0.078850724,0.37026435,0.05458423,0.23564105,0.08675438,0.1474026,0.025576636,0.0009260066,1424,1
0.3130618,0.061667807,0.04619917,0.32722563,0.0051614693,0.20792077,0.010802169,0.027961187,1447,1
0.017966505,0.11144697,0.048150215,0.33818516,0.09525018,0.35121086,0.03507634,0.0027137904,315,1
0.022859303,0.2991858,0.014424683,0.5772074,0.025072468,0.04570283,0.011698161,0.0038493571,246,1
0.065239824,0.069089256,0.16250898,0.5704045,0.028582735,0.087348595,0.012660269,0.0041658096,225,1
0.031154467,0.25395676,0.3900205,0.1600863,0.027649987,0.10055785,0.03600004,0.00057411846,2211,1
0.0876418,0.078848585,0.011693866,0.46918818,0.1819526,0.041029286,0.12651227,0.003133405,302,1
0.021160137,0.13200371,0.043883037,0.41921395,0.018287195,0.23169765,0.13062029,0.0031340984,337,1
0.022545492,0.06726824,0.010140794,0.5601574,0.1082206,0.059122752,0.16983141,0.0027133422,352,1
0.038213573,0.2902485,0.020059606,0.50769114,0.03131699,0.09127085,0.015951093,0.005248224,129,1
0.021455415,0.36740008,0.013233053,0.49397328,0.022721263,0.067256205,0.010506261,0.0034544508,255,1
0.06447131,0.27271077,0.016606722,0.3642622,0.10462556,0.11855398,0.054920007,0.003849484,249,1
0.013879332,0.14226416,0.009543095,0.58932185,0.07791001,0.084557064,0.08018679,0.0023376618,465,1
0.026522122,0.05309833,0.04579651,0.777573,0.026611129,0.05205227,0.013806782,0.00453986,187,1
0.08840381,0.35252908,0.019555671,0.4177271,0.033781,0.06681475,0.015942713,0.0052458798,173,1
0.008036557,0.29412422,0.17489783,0.376438,0.070761204,0.07057975,0.0038860287,0.0012764072,817,1
0.2807688,0.08798069,0.01076503,0.37047213,0.02080573,0.21746112,0.008878816,0.0028676125,387,1
0.0664205,0.054553583,0.0062730443,0.6359842,0.029966386,0.056307193,0.13026579,0.020229355,720,1
0.023790147,0.050594136,0.045708757,0.6554747,0.019884726,0.10216322,0.09904351,0.0033407714,286,1
0.027494406,0.057287067,0.017721687,0.47386163,0.08836241,0.31607145,0.014447556,0.004753767,222,1
0.11109919,0.121280976,0.10950957,0.43313992,0.025521347,0.18189943,0.013204396,0.0043451837,224,1
0.026256716,0.19236946,0.017040499,0.6218969,0.027630296,0.0942124,0.016053809,0.004539947,213,1
0.014583,0.3054898,0.009112261,0.50550383,0.073895395,0.081743576,0.0072795437,0.002392605,513,1
0.015027493,0.045500208,0.31316423,0.47666472,0.08665034,0.02878027,0.031762127,0.00245066,457,1
0.07643296,0.123201,0.012056946,0.530726,0.15494536,0.057441946,0.04196163,0.0032341497,311,1
0.06414443,0.02914054,0.036080163,0.49379492,0.09557763,0.27159435,0.007274799,0.002393166,457,1
0.011607098,0.025426354,0.02808109,0.8048542,0.011731949,0.07031867,0.04600769,0.001972921,570,1
0.034578003,0.057649482,0.06468359,0.551728,0.028871762,0.14846396,0.109272115,0.0047530383,192,1
0.1984649,0.081457295,0.01213565,0.51246786,0.118890576,0.06401414,0.009530107,0.0030394378,387,1
0.09383556,0.19845478,0.009197377,0.2764829,0.17930484,0.057940245,0.18254994,0.0022343541,550,1
0.035571434,0.082190886,0.19810486,0.24097818,0.20566888,0.18378668,0.051464844,0.0022342193,401,1
0.072521806,0.10346185,0.042625565,0.6142379,0.025879294,0.066621244,0.071518235,0.003134117,273,1
0.082061365,0.044759292,0.012061039,0.63112,0.08290566,0.13345213,0.010406334,0.003234149,340,1
0.2608824,0.032222968,0.045927957,0.35962874,0.113074206,0.17730291,0.008247131,0.002713639,439,1
0.0155182965,0.1049403,0.09178149,0.6270722,0.042003937,0.034752123,0.081288435,0.0026431617,397,1
0.12197679,0.14500459,0.05443436,0.3367477,0.0066637974,0.33025074,0.0038136826,0.0011083491,1064,1
0.020162905,0.04225238,0.012880024,0.66382843,0.020863362,0.15614893,0.045142844,0.038721126,277,1
0.040661298,0.06780507,0.009859281,0.71596533,0.016592808,0.13772349,0.008749959,0.0026427764,324,1
0.019467674,0.17263305,0.012460562,0.6774909,0.052972786,0.051482663,0.010151901,0.0033404543,263,1
0.058822796,0.057730373,0.031209307,0.41067925,0.01654312,0.41693652,0.0061053904,0.0019732052,524,1
0.2789631,0.17067482,0.01859833,0.36556718,0.029109793,0.11693582,0.015162237,0.0049888003,197,1
0.015264711,0.04192969,0.04814774,0.7631905,0.046765972,0.074956104,0.007352768,0.0023925228,389,1
0.06581704,0.10813604,0.014976927,0.61232126,0.02373158,0.113190256,0.05782551,0.0040014116,294,1
0.038809422,0.1892329,0.010749383,0.4598217,0.040738955,0.24960002,0.00859666,0.0024509358,369,1
0.26055261,0.1216597,0.012099312,0.40837616,0.05968761,0.0915319,0.0429591,0.0031335705,292,1
0.31321022,0.2274185,0.007852521,0.1927436,0.013211306,0.23766144,0.005967168,0.0019352346,475,1
0.020061651,0.3095055,0.082047425,0.33712244,0.022823164,0.1802284,0.010674283,0.037537124,261,0
0.059364527,0.05402951,0.015063374,0.63400376,0.09837471,0.12228761,0.013028008,0.0038485436,289,1
0.028959079,0.37696302,0.015604615,0.3668459,0.027566288,0.16723603,0.012659466,0.0041655777,210,1
0.09477677,0.091965444,0.08667897,0.5342912,0.041956827,0.13394248,0.012387482,0.0040007844,258,1
0.044865645,0.14650892,0.35122988,0.38686892,0.0114507135,0.021017767,0.0048641902,0.033194,759,1
0.06471672,0.085190915,0.031807378,0.5634306,0.0077337194,0.15886964,0.058732808,0.029518206,891,1
0.061254133,0.18351226,0.119013146,0.3887751,0.20258643,0.035811935,0.00681259,0.0022344242,411,0
0.013650725,0.34977046,0.11552622,0.25089502,0.051781677,0.057563286,0.007115064,0.15369752,543,0
0.03410505,0.083793834,0.016193999,0.77190715,0.025345191,0.050000317,0.014310221,0.004344195,169,1
0.0059234016,0.29939058,0.38131067,0.1754735,0.016462581,0.08476616,0.02746854,0.009204592,1426,0
0.1882835,0.024889404,0.005420278,0.6094281,0.008571821,0.113034315,0.04895312,0.001419423,873,1
0.01613331,0.16191871,0.010430972,0.5559028,0.01628787,0.14544033,0.008480674,0.085405305,351,1
0.16813613,0.044038188,0.010302611,0.6234289,0.016497953,0.1262446,0.008638153,0.002713405,313,1
0.014893729,0.18483958,0.060529552,0.6319229,0.060090333,0.0373185,0.007830194,0.0025752482,355,1
0.027161725,0.28805497,0.016225623,0.48019412,0.025534607,0.14524242,0.013242109,0.004344405,193,1
0.019106066,0.035338618,0.069253586,0.61503065,0.04831318,0.17260724,0.03739922,0.0029514614,342,0
0.063991904,0.0722797,0.015528525,0.6752689,0.077377714,0.07746503,0.01392259,0.0041656224,211,1
0.09048779,0.06257748,0.0058599846,0.43874645,0.025605088,0.37042895,0.004744284,0.0015499657,659,1
0.014430446,0.12399998,0.055378567,0.63928205,0.015188359,0.120344654,0.0068569053,0.024519047,518,1
0.068092495,0.29011908,0.016331397,0.38445276,0.02535193,0.19810188,0.013205283,0.0043451423,181,1
0.019375255,0.32331598,0.012354442,0.40645728,0.09718259,0.1303541,0.008246808,0.002713549,414,1
0.052805975,0.39050916,0.011470827,0.46298802,0.018420514,0.051441368,0.009323624,0.0030405375,379,1
0.07105961,0.1447473,0.049212247,0.51902765,0.021331336,0.03856359,0.15260294,0.0034553267,287,1
0.003695526,0.21753524,0.08930337,0.25530025,0.087891564,0.3263842,0.019322252,0.0005676084,2163,1
0.02246988,0.08695398,0.13244393,0.5341656,0.11817981,0.09024225,0.011695961,0.0038485618,192,1
0.020607905,0.07713993,0.012120076,0.70451295,0.057033867,0.11505227,0.010299516,0.0032335108,263,1
0.017065955,0.14305775,0.011847707,0.42219582,0.1011705,0.26280832,0.038903024,0.0029508916,293,1
0.089726225,0.26672828,0.01259658,0.5215192,0.055844717,0.040068623,0.010175809,0.0033405577,345,1
0.15503672,0.22480433,0.024034772,0.4299791,0.017107684,0.10749897,0.039831832,0.0017066312,603,1
0.2302195,0.15319027,0.013883144,0.3260547,0.035155207,0.22693174,0.010988634,0.0035768144,269,1
0.057421263,0.22704849,0.20612797,0.23808809,0.07134737,0.10991122,0.003551782,0.08650383,897,1
0.027816677,0.068708956,0.017719416,0.42433783,0.027902203,0.41431108,0.014450538,0.00475325,152,1
0.39999694,0.09865966,0.04468481,0.22188778,0.010619312,0.087253556,0.13516214,0.0017357968,712,1
0.16230495,0.05469805,0.0132081155,0.52472913,0.111220255,0.11960607,0.010778708,0.003454719,287,1
0.02905252,0.10296056,0.3124922,0.42081717,0.023628658,0.093805075,0.016057296,0.001186567,1014,0
0.019045658,0.057294805,0.012217861,0.7348442,0.020899247,0.14259322,0.009871422,0.0032336,307,1
0.030752957,0.4068177,0.04706884,0.3842766,0.02055209,0.049272683,0.057804167,0.0034549914,258,1
0.17158762,0.12741578,0.016966484,0.5112973,0.03854179,0.11436984,0.015281705,0.0045394637,256,1
0.030779686,0.22156668,0.020182995,0.5761497,0.039320488,0.09081476,0.015940467,0.0052452516,203,1
0.013544202,0.054399747,0.008562083,0.7326851,0.013054365,0.16869973,0.006820629,0.0022341344,457,1
0.12142033,0.05633864,0.01772076,0.51619756,0.12154317,0.09285924,0.06916671,0.0047535575,241,1
0.053789616,0.08299762,0.009007254,0.4493834,0.014199344,0.38085967,0.007370156,0.0023929046,407,1
0.01931953,0.06258769,0.15028217,0.306311,0.29650322,0.15150341,0.01015211,0.0033408543,239,0
0.048546087,0.061946407,0.009538579,0.58684576,0.07742921,0.20554058,0.007815932,0.0023374804,374,1
0.047622457,0.2996133,0.062378205,0.18997101,0.13441831,0.08405494,0.04201259,0.1399292,554,0
0.10556473,0.2963511,0.09726484,0.16286275,0.019565202,0.12861852,0.008263531,0.18150929,1836,0
0.13005996,0.10810629,0.019321948,0.34829497,0.1262594,0.24961723,0.013799598,0.004540549,193,1
0.01499467,0.08952889,0.042390317,0.437267,0.27117848,0.08385283,0.007632638,0.053155124,428,1
0.018743847,0.07863041,0.013685324,0.5533601,0.017532669,0.3064366,0.008743591,0.0028674363,320,1
0.19285141,0.09337308,0.035381045,0.6192739,0.016760325,0.03192901,0.007854724,0.0025765086,407,1
0.026613215,0.12282929,0.017369214,0.5445954,0.028172465,0.10446763,0.15141308,0.0045396877,171,1
0.025287265,0.14433749,0.13838644,0.2464569,0.32934833,0.059890177,0.047343157,0.008950195,1554,1
0.03997841,0.037193965,0.010430746,0.69115716,0.01583189,0.13780425,0.06489011,0.0027134744,385,1
0.07628346,0.2858795,0.040714256,0.34432286,0.018553039,0.13898903,0.008516544,0.086741254,360,1
0.03200201,0.0848976,0.020938294,0.63695717,0.03234634,0.116143584,0.016812816,0.05990215,167,1
0.01964708,0.04741463,0.012590938,0.77832764,0.020521814,0.10798438,0.010172867,0.003340618,284,1
0.019553356,0.29398337,0.015764074,0.57060426,0.04962392,0.037806977,0.009530384,0.0031337033,338,1
0.12071112,0.044107452,0.02637243,0.31163013,0.30042097,0.17224649,0.022860115,0.0016513237,722,1
0.13984202,0.10755776,0.070287,0.53121775,0.011553567,0.13022,0.007348397,0.0019735051,550,1
0.081467316,0.37141055,0.056801666,0.34414616,0.03507405,0.043633122,0.0654141,0.002053077,414,1
0.08074467,0.07313784,0.093106024,0.5157952,0.027737146,0.19027787,0.014447527,0.0047537587,199,1
0.0077613452,0.16516927,0.004676247,0.62916106,0.11320453,0.07505358,0.0037443053,0.0012296237,920,1
0.026220113,0.24849318,0.014451209,0.47284186,0.024588954,0.19785392,0.011700831,0.0038499252,221,1
0.018836355,0.12559262,0.035059858,0.7253955,0.029953431,0.05474707,0.0078398185,0.0025753633,370,1
0.023215206,0.10786508,0.019583523,0.60001063,0.10872994,0.059754703,0.07683963,0.0040013017,173,1
0.015420464,0.030726926,0.0672066,0.67753905,0.040355556,0.107935764,0.034156423,0.026659243,493,1
0.15956034,0.3521347,0.013957637,0.39148998,0.028588379,0.039723553,0.010968358,0.0035770715,230,0
0.028655281,0.077856585,0.012452823,0.53419316,0.06192969,0.27141234,0.0101595875,0.003340519,211,1
0.06138222,0.12065889,0.013834322,0.6831017,0.06314345,0.04289095,0.011279959,0.0037084462,253,1
0.008865317,0.23168321,0.2696965,0.33687252,0.028100424,0.086312786,0.037125174,0.001344078,754,1
0.013388952,0.088366,0.030742215,0.6255942,0.095996924,0.1370829,0.0066429824,0.0021858362,464,1
0.016168974,0.32187876,0.0098655615,0.48055223,0.046919283,0.113793045,0.008179314,0.0026428213,406,1
0.09067529,0.09203065,0.067273706,0.64606106,0.015552878,0.05605238,0.030167975,0.0021860686,455,1
0.014750481,0.052971035,0.008849897,0.69917345,0.041089304,0.10934003,0.071487956,0.0023378073,437,1
0.057160553,0.10986253,0.049452726,0.5998024,0.020979056,0.14878286,0.01050324,0.00345665,202,1
0.021443048,0.14411311,0.0138266105,0.49590674,0.021880805,0.12996788,0.16915423,0.003707562,301,1
0.035728123,0.37784207,0.04797169,0.35312042,0.15342453,0.024242079,0.0057721618,0.0018989041,502,1
0.056601282,0.10895399,0.012695337,0.28787556,0.21885787,0.26811337,0.04356126,0.0033413,254,0
0.22224344,0.057401337,0.011360319,0.5691548,0.017920056,0.10953101,0.009349341,0.0030397451,312,1
0.08368411,0.07645042,0.014789266,0.5747835,0.19968806,0.038190898,0.009374178,0.0030396061,340,1
0.027742218,0.052874137,0.061788633,0.7495634,0.026483657,0.06321357,0.013795068,0.004539282,149,1
0.030342562,0.115918376,0.10290569,0.26652232,0.054986026,0.14893124,0.06774759,0.21264616,131,1
0.0626238,0.0613471,0.07658245,0.587631,0.06061911,0.14140609,0.007452622,0.0023377829,449,1
0.14064437,0.1245357,0.16209058,0.23590228,0.25486088,0.02878664,0.050945166,0.0022343649,568,1
0.27901933,0.18274252,0.011538241,0.42377546,0.023503473,0.03790151,0.038568445,0.002951065,327,1
0.026207548,0.17944202,0.014435352,0.36816496,0.18170743,0.17313112,0.011269022,0.045642573,245,1
0.02884502,0.15573671,0.06789037,0.28224814,0.03331423,0.4118205,0.015157513,0.0049874787,194,1
0.023554131,0.24767545,0.014916468,0.5872015,0.06336683,0.04712371,0.012160613,0.0040013525,180,1
0.012509244,0.22130714,0.07212858,0.38581124,0.013774746,0.12446838,0.15350638,0.016494265,506,1
0.025139924,0.102902696,0.054441113,0.6895318,0.023342099,0.048724186,0.05191745,0.0040007522,287,1
0.0670165,0.42487207,0.11704958,0.21643038,0.008186967,0.14797695,0.017141027,0.0013264994,840,1
0.053013064,0.07565156,0.1992013,0.49106193,0.07640552,0.06318947,0.038525973,0.002951161,310,1
0.022905832,0.14996117,0.008199662,0.64250934,0.03951415,0.069469474,0.065254346,0.0021860416,498,1
0.017590882,0.1287151,0.013525373,0.6122601,0.14175971,0.073870786,0.009238305,0.0030397703,372,1
0.12218174,0.3244544,0.00714395,0.30898562,0.12872499,0.10183962,0.00501885,0.0016508616,731,1
0.041228544,0.28584194,0.2832844,0.29096937,0.01508161,0.055763576,0.014953707,0.012876819,1084,0
0.37594357,0.046609335,0.04818422,0.31139982,0.08136915,0.12383434,0.009525164,0.0031343512,298,1
0.021392928,0.19346444,0.06320657,0.35947236,0.07215435,0.12058037,0.16858292,0.0011460783,999,1
0.099912725,0.045365725,0.013993403,0.46320954,0.07040385,0.2554948,0.04791207,0.0037078625,212,1
0.04267533,0.07199165,0.10159307,0.39229473,0.058795713,0.24360275,0.047320526,0.041726217,566,1
0.017206354,0.038807604,0.011064029,0.5587749,0.021372607,0.34083194,0.008991663,0.0029509123,303,1
0.10882737,0.049447626,0.10844365,0.5671391,0.018388733,0.13503055,0.009683814,0.0030392092,330,1
0.036894534,0.29154184,0.028258478,0.22448857,0.07827862,0.19634347,0.016206466,0.12798798,2508,1
0.03428356,0.263373,0.06983313,0.29568645,0.25454438,0.05319942,0.016298361,0.012781666,3676,1
0.015543641,0.2211369,0.009323767,0.54704136,0.0885495,0.085431345,0.030739263,0.0022342247,471,1
0.028783895,0.06948968,0.019659735,0.34429473,0.29287168,0.2256351,0.014512438,0.0047527757,198,1
0.10548517,0.11310184,0.012828654,0.5360138,0.01950863,0.16192551,0.0480029,0.0031334637,328,1
0.017106846,0.0674481,0.044135313,0.5181842,0.08600123,0.22871457,0.0089894505,0.029420286,270,1
0.071628734,0.063577935,0.009605156,0.76382715,0.014651622,0.041631818,0.03256634,0.0025112364,314,1
0.08073389,0.09629309,0.0509133,0.2968185,0.02879485,0.3983493,0.046570677,0.001526414,740,1
0.20563462,0.057470646,0.019282434,0.60273135,0.031126803,0.06455752,0.014443875,0.004752738,170,1
0.17937455,0.0839758,0.056407716,0.45897543,0.09062353,0.07710598,0.049687635,0.0038493688,274,1
0.04308077,0.07835318,0.07571094,0.7054923,0.020720532,0.064313926,0.009288892,0.0030394243,277,1
0.027151302,0.1372332,0.056136444,0.42230353,0.02199501,0.16675675,0.16496915,0.0034546007,302,1
0.019979682,0.07065899,0.01328636,0.6099112,0.17857043,0.09321031,0.010928482,0.0034545462,253,1
0.0235527,0.06522034,0.014616386,0.70453095,0.022458911,0.1540551,0.011716371,0.0038492302,273,1
0.023621136,0.049969286,0.04900246,0.79827636,0.021756552,0.042733155,0.01106453,0.003576506,260,1
0.034672108,0.36286017,0.016339883,0.472599,0.02631328,0.06922243,0.013648779,0.00434439,206,1
0.034796502,0.10460398,0.018590426,0.49137974,0.08044256,0.1261181,0.13908167,0.004986997,194,1
0.05340406,0.29989913,0.01894617,0.40281448,0.08499936,0.12308465,0.015665637,0.0011864746,1018,1
0.22290732,0.208963,0.007197092,0.23803987,0.03433109,0.20397197,0.082690656,0.0018989628,687,1
0.32840532,0.2210753,0.03689549,0.16521029,0.120440215,0.12160167,0.004889783,0.0014818928,811,1
0.08742949,0.09848989,0.014346107,0.6104494,0.02515068,0.14841825,0.011867723,0.0038484675,185,1
0.06884638,0.22733861,0.016196078,0.5188712,0.025405621,0.12563074,0.013366857,0.0043445276,183,1
0.09604649,0.04628599,0.011311169,0.70549995,0.031894233,0.096976615,0.009034593,0.0029509303,299,1
0.26697472,0.09735176,0.08803672,0.1926221,0.030883593,0.28286448,0.03964209,0.0016245523,691,1
0.10718952,0.23235187,0.098615244,0.34737134,0.1437507,0.05932542,0.008607562,0.002788328,304,1
0.12927799,0.052491058,0.16297327,0.41537932,0.014820733,0.2149501,0.007657065,0.0024504294,326,1
0.086849496,0.050479144,0.01420505,0.6960891,0.021971807,0.07855215,0.04814556,0.0037077223,275,1
0.022132277,0.2793068,0.062317688,0.40228456,0.13425955,0.08574428,0.010499927,0.0034549036,306,1
0.018109273,0.041832443,0.010327801,0.46112248,0.25536656,0.17544268,0.008305244,0.029493498,403,1
0.16901414,0.0903647,0.051168527,0.55895865,0.018986318,0.09922971,0.009238263,0.0030397442,302,1
0.21646935,0.13302797,0.08071832,0.29808557,0.0720414,0.16905397,0.028463477,0.002139991,567,1
0.027270593,0.19906075,0.013965235,0.5223047,0.06851032,0.10978399,0.055396874,0.0037075833,249,1
0.08644817,0.0690463,0.018590238,0.49371198,0.07839628,0.23278481,0.01603447,0.0049877577,202,1
0.087858416,0.20838983,0.022634976,0.4102137,0.05241053,0.19249058,0.024171619,0.0018303221,596,1
0.01849058,0.34129557,0.05259325,0.34803647,0.15807673,0.06883301,0.0095406175,0.0031337778,316,1
0.026415521,0.16895181,0.01494679,0.57861775,0.10980905,0.04557365,0.012158937,0.04352649,189,1
0.017076196,0.06449998,0.011830065,0.625571,0.09115828,0.11964066,0.06727271,0.0029510965,366,1
0.06364479,0.046868198,0.015105468,0.7739378,0.023343196,0.060932983,0.0121666435,0.004000943,241,1
0.22406374,0.093674,0.018069396,0.49596277,0.032047663,0.07004591,0.014504366,0.051632162,182,1
0.032812178,0.20208098,0.026542766,0.40173006,0.041569848,0.16979305,0.105995744,0.019475384,517,1
0.014911882,0.16474356,0.06352336,0.41922742,0.27245328,0.054593064,0.007972005,0.0025754224,357,1
0.034267575,0.206119,0.021061787,0.39545068,0.23045766,0.07641339,0.03474805,0.0014817958,728,1
0.066623084,0.0830316,0.014582472,0.6027053,0.023332985,0.15811853,0.04789818,0.0037078902,222,1
0.28720823,0.046056613,0.038139902,0.40565017,0.05766823,0.1542417,0.0083209975,0.002714165,350,1
0.02253768,0.1681486,0.013420931,0.35208547,0.056964844,0.37239215,0.010873584,0.0035767045,249,1
0.26895663,0.12196726,0.12888034,0.36033005,0.022809792,0.083466135,0.010249013,0.0033408017,273,1
0.051702265,0.040159546,0.0116829425,0.7265714,0.0851738,0.04103092,0.040545184,0.0031339345,303,1
0.04093319,0.11355378,0.010794745,0.7436601,0.015408266,0.06503948,0.00803525,0.0025751602,340,1
0.09721542,0.09090322,0.024441265,0.36123618,0.33246166,0.068647474,0.018881913,0.006212827,124,0
0.16410811,0.08979145,0.014915011,0.47707972,0.06362313,0.12700017,0.05948138,0.0040010186,178,1
0.019979365,0.42411885,0.118394665,0.36046147,0.023146901,0.039945748,0.010498492,0.0034545313,223,0
0.08330974,0.059380185,0.008631516,0.55174875,0.10058499,0.044270426,0.08205947,0.070014924,432,1
0.02619142,0.08655065,0.016062437,0.59688896,0.0668588,0.07779189,0.08777433,0.041881524,272,1
0.26421502,0.12690774,0.013695799,0.24985047,0.057084925,0.27372184,0.01094764,0.003576561,225,1
0.026060903,0.051628623,0.016193971,0.7157468,0.025345147,0.14734364,0.013336685,0.004344189,192,1
0.024667088,0.1514307,0.05402577,0.39998555,0.070162416,0.24082914,0.055190764,0.003708546,217,1
0.023771714,0.10284076,0.0135258995,0.45580024,0.024603944,0.24347366,0.13240689,0.0035768617,272,1
0.022941183,0.33070564,0.17190176,0.32687947,0.08944303,0.042528793,0.011751013,0.0038491418,219,1
0.010516035,0.31988987,0.11306435,0.30873096,0.13335025,0.1071882,0.005462819,0.0017975069,605,1
0.04401399,0.38502896,0.08304693,0.3758907,0.027441273,0.07068116,0.0030084741,0.010888505,1223,1
0.14070192,0.1083624,0.028383253,0.40487328,0.060683385,0.22807997,0.026862847,0.0020529642,515,1
0.02130179,0.06403341,0.013333749,0.46732587,0.13889183,0.28066623,0.010870306,0.0035768137,249,1
0.06278356,0.049745403,0.014915456,0.5728406,0.027582882,0.17690569,0.091225296,0.004001119,213,1
0.016645864,0.13536039,0.10233477,0.53011423,0.020570911,0.15191853,0.008767263,0.034288086,339,1
0.017226508,0.13077404,0.011754476,0.7147714,0.033181302,0.051332302,0.038008995,0.002951042,380,1
0.07809424,0.24144481,0.16743925,0.4012435,0.03122263,0.07349802,0.0053509893,0.001706553,613,1
0.020684546,0.16644593,0.12734684,0.60283166,0.027363366,0.04084984,0.010901335,0.0035764743,254,1
0.070843294,0.13226236,0.107940726,0.31999603,0.022774346,0.21974733,0.08454178,0.041894116,261,1
0.02410493,0.21144946,0.22881278,0.3883784,0.08148288,0.048945244,0.012660437,0.0041658604,229,0
0.08782506,0.08125148,0.01624777,0.61733323,0.028349759,0.1514322,0.013216153,0.0043443083,180,1
0.012844406,0.38746452,0.104547106,0.22853313,0.15094793,0.03291111,0.061433524,0.021318283,646,1
0.04077997,0.24282454,0.28577515,0.32341912,0.061644893,0.029457211,0.0032605792,0.012838529,1163,1
0.08928225,0.14348179,0.07640521,0.5878274,0.022544341,0.064907454,0.011702169,0.0038493425,244,1
0.025808059,0.20012043,0.17878632,0.10622965,0.1337267,0.09207717,0.028454132,0.23479751,1178,0
0.020694291,0.14183563,0.013816254,0.69436425,0.060122937,0.05470649,0.010882362,0.0035778256,260,1
0.021897798,0.088018075,0.013956066,0.5479733,0.022308238,0.21383753,0.08830132,0.003707644,308,1
0.1293482,0.09467069,0.06922978,0.48365828,0.025352785,0.18018481,0.013210294,0.0043451944,198,1
0.07528452,0.17609471,0.0053337677,0.36829695,0.103884526,0.14188014,0.035004947,0.094220445,940,1
0.024171753,0.1795419,0.016119976,0.4352102,0.100490466,0.22760554,0.012694409,0.004165757,241,1
0.09167988,0.25232562,0.04888518,0.5047198,0.048929356,0.04192624,0.008745762,0.00278812,273,1
0.01579372,0.1601258,0.038074892,0.65470725,0.016758746,0.045744363,0.039280247,0.029515008,329,1
0.053042017,0.1440713,0.015611215,0.5266528,0.026428698,0.2173675,0.012660594,0.004165904,160,1
0.015428501,0.036102254,0.009380366,0.5899906,0.063904226,0.2752509,0.0074925185,0.0024506678,365,1
0.08362054,0.16345748,0.065698974,0.48988482,0.027728943,0.15041289,0.014443674,0.0047526797,194,0
0.09695339,0.12680976,0.012453674,0.6449003,0.019735668,0.08565361,0.010152825,0.0033407384,238,1
0.021739155,0.18876888,0.15690681,0.5505042,0.023787778,0.04331666,0.011268628,0.0037078818,208,0
0.23834546,0.06848998,0.016931226,0.5083003,0.07231894,0.07726932,0.013805393,0.004539376,160,1
0.027072174,0.052829485,0.017752655,0.66233796,0.0814158,0.14025709,0.013795475,0.004539395,198,1
0.05837392,0.046741076,0.014818438,0.6870344,0.13408193,0.043968227,0.011274488,0.0037074909,199,1
0.017405497,0.09807135,0.011514655,0.65933293,0.04562496,0.15646374,0.008719584,0.0028673178,371,1
0.019248769,0.038397018,0.009982298,0.5896117,0.07726111,0.25455618,0.008300376,0.0026425775,379,1
0.020889316,0.21378912,0.011866242,0.28284177,0.018965712,0.24372447,0.2053481,0.002575257,361,1
0.019983355,0.081634305,0.01292643,0.72828716,0.065600365,0.07761433,0.010499607,0.0034544435,210,1
0.25552112,0.08626071,0.117922574,0.44932246,0.017597232,0.032357473,0.00873423,0.032284196,294,1
0.08099922,0.24565414,0.19603379,0.34082893,0.06665393,0.051555816,0.016965004,0.0013091823,808,1
0.17043626,0.19862801,0.01125066,0.34973037,0.077345334,0.18093894,0.008803113,0.0028672826,250,1
0.050139643,0.12088046,0.011689775,0.6595512,0.019072996,0.12600583,0.009526126,0.0031339824,274,1
0.06250352,0.20015587,0.053313263,0.3920139,0.18906163,0.051951624,0.0471513,0.0038489106,227,1
0.075499296,0.055100903,0.0120718,0.65129024,0.02648918,0.16593865,0.010376072,0.0032338845,320,1
0.024727976,0.17222953,0.0095698135,0.445845,0.09797438,0.21468578,0.032455973,0.0025115234,344,1
0.028726954,0.3921964,0.080682114,0.2541423,0.09865257,0.11634424,0.02748916,0.001766276,642,0
0.02855282,0.32341647,0.22732012,0.19149512,0.04124958,0.14149162,0.036919046,0.0095552225,1354,0
0.04436736,0.15127866,0.24888228,0.361691,0.10261363,0.066365816,0.01894843,0.005852855,159,1
0.122586474,0.050044794,0.043463156,0.6226191,0.01645282,0.13413145,0.0081270775,0.0025751598,303,1
0.019857924,0.21582039,0.08266422,0.41207623,0.09979776,0.1563125,0.010337359,0.0031335847,270,1
0.15216067,0.3503386,0.08740839,0.34932226,0.017557796,0.032854263,0.007846465,0.002511476,355,1
0.048605014,0.21888897,0.010693044,0.44450724,0.18571725,0.08030945,0.008490499,0.0027884783,357,1
0.048308108,0.41135192,0.038381875,0.32849485,0.08420083,0.063254446,0.0029226318,0.023085365,1237,1
0.23197699,0.06955575,0.053158388,0.34821337,0.21810438,0.0665339,0.009417955,0.003039305,305,1
0.026802486,0.056349553,0.016921338,0.6096309,0.07767841,0.19427073,0.013807332,0.0045392844,202,1
0.117058694,0.1366515,0.018104417,0.5132293,0.027103607,0.16917372,0.014139413,0.004539332,177,1
0.30553022,0.17395441,0.01819807,0.27258176,0.0096717,0.14812082,0.057538256,0.01440477,844,1
0.15294836,0.05784274,0.013332844,0.57572615,0.022988787,0.16271494,0.0108695645,0.0035766065,257,1
0.11655515,0.25339168,0.09508822,0.45094144,0.015133099,0.058557972,0.007820978,0.0025114901,365,1
0.019756544,0.0390762,0.012590652,0.64651436,0.08616547,0.1823969,0.010159127,0.0033407435,329,1
0.016581764,0.08485556,0.0087752165,0.5624594,0.013416199,0.30480036,0.006877316,0.0022342172,518,1
0.08320039,0.21952151,0.017443366,0.44272745,0.03857256,0.023493359,0.04032909,0.13471228,1159,1
0.14112525,0.055521123,0.017717602,0.4621385,0.031323608,0.13212535,0.15529576,0.004752836,187,1
0.18175639,0.15948819,0.045268405,0.37584814,0.028238256,0.20396541,0.0041088485,0.0013263633,828,1
0.06062745,0.11250836,0.007891075,0.5316865,0.11028873,0.105250634,0.048349492,0.023397798,530,1
0.10335236,0.089484155,0.079838604,0.44448695,0.014516558,0.23613966,0.029897116,0.0022846179,499,1
0.021741569,0.04838132,0.011680597,0.80272335,0.018496173,0.03551076,0.05833283,0.0031333969,290,1
0.09334415,0.26434174,0.061678555,0.44907698,0.027745007,0.077997275,0.0049779015,0.020838363,580,1
0.022180522,0.081143305,0.01382129,0.68755525,0.024901588,0.09271828,0.0739721,0.0037076427,188,1
0.07230435,0.037096728,0.0096777985,0.5996157,0.017141761,0.20290077,0.009125306,0.05213759,378,1
0.019519553,0.1778019,0.04676052,0.55256855,0.026794693,0.16306072,0.010153233,0.0033408266,261,1
0.30660507,0.0814426,0.07405542,0.3463089,0.01953935,0.15931788,0.009597119,0.0031336944,387,1
0.05196991,0.17871024,0.010605541,0.5956855,0.016467601,0.13504447,0.008728618,0.0027881567,348,1
0.017051443,0.12956087,0.06118941,0.5567041,0.04482798,0.18026194,0.007828426,0.0025758124,337,1
0.09364833,0.14178668,0.011027061,0.2000226,0.016984826,0.5246594,0.00900402,0.0028670984,388,1
0.01804409,0.42506066,0.044385064,0.3871613,0.020991154,0.061499424,0.039818864,0.003039393,442,1
0.09178636,0.31627145,0.0074057793,0.27176288,0.038640916,0.18812032,0.08403954,0.001972741,610,1
0.013709763,0.07186705,0.060800336,0.6384775,0.10186661,0.068342015,0.042883918,0.0020527854,545,1
0.047599223,0.12370622,0.04663958,0.61594754,0.08951176,0.06309425,0.0104614915,0.0030398876,278,1
0.15928578,0.10258902,0.27717075,0.3107858,0.03807758,0.104283385,0.00590817,0.0018995665,612,1
0.025282765,0.06416225,0.014933379,0.5668642,0.024095349,0.19363143,0.107029706,0.004000936,253,1
0.24846295,0.051215544,0.065816455,0.44082415,0.016723346,0.11235753,0.061886605,0.0027134211,369,1
0.020548718,0.04888776,0.049753696,0.4887887,0.24742748,0.13108937,0.010163082,0.0033412147,327,1
0.055329468,0.12777561,0.012878332,0.43873367,0.14174107,0.038786944,0.18130024,0.003454652,221,1
0.043175723,0.13908583,0.009374705,0.6427006,0.015914777,0.13994808,0.007407657,0.0023926452,500,1
0.021773765,0.36306304,0.0144384075,0.39464077,0.123922266,0.042628318,0.035825707,0.0037076864,334,1
0.15395527,0.20272955,0.009671358,0.38852578,0.12477184,0.11057966,0.007429338,0.0023372348,394,1
0.27439252,0.25786018,0.06877873,0.26802933,0.011566824,0.116768695,0.0019644073,0.000639264,2151,1
0.02983875,0.08277065,0.018673597,0.57213336,0.21244702,0.06391841,0.015231047,0.0049871416,182,1
0.04890115,0.22124933,0.13205907,0.4014169,0.010209227,0.1196291,0.06498546,0.0015498209,684,1
0.04581936,0.11968833,0.06943567,0.26942787,0.054059014,0.4294402,0.011340855,0.0007886868,1661,1
0.04133419,0.24696158,0.016325647,0.41462243,0.025550803,0.10176258,0.06322024,0.09022258,167,1
0.020778876,0.39036044,0.11626153,0.24441607,0.0683387,0.14703222,0.009678353,0.0031338048,330,1
0.018006923,0.09568521,0.009717991,0.51501715,0.050558306,0.070737876,0.2111722,0.02910438,423,1
0.08297382,0.12372488,0.011801327,0.62332094,0.062799275,0.0827215,0.009524273,0.0031340343,270,1
0.01829782,0.100635484,0.010400839,0.57007647,0.05415385,0.23514277,0.008504569,0.002788174,317,1
0.018598903,0.443537,0.1045533,0.32135728,0.060941145,0.038351364,0.009527163,0.0031338218,361,1
0.27593505,0.038418144,0.04388424,0.34635636,0.024838552,0.18385866,0.0834749,0.0032341117,280,1
0.060402576,0.09133892,0.013822973,0.5276206,0.24025713,0.051580574,0.011269142,0.0037080268,259,1
0.094680324,0.2963005,0.07150113,0.30125403,0.067240335,0.05558997,0.038233273,0.07520041,257,1
0.09261044,0.079377,0.012323617,0.5506388,0.020686183,0.23130113,0.009828759,0.0032340595,391,1
0.2923712,0.04591041,0.017817616,0.49993548,0.05177105,0.0790174,0.009943214,0.00323358,310,1
0.18421058,0.1569175,0.105336934,0.36124,0.09724484,0.0813728,0.0103366105,0.0033407656,249,1
0.013204596,0.2269225,0.044988804,0.42480344,0.08374971,0.17696017,0.027471837,0.0018989322,632,1
0.022559408,0.13524604,0.018406235,0.5422865,0.023432748,0.1673248,0.08703643,0.0037078413,241,1
0.13728265,0.1460469,0.014511497,0.5109231,0.042820096,0.0708113,0.074891105,0.002713352,326,1
0.04247655,0.26266673,0.0353866,0.43546537,0.076302454,0.12550272,0.020717427,0.0014821751,791,1
0.059645846,0.16825521,0.010552642,0.46877253,0.056685083,0.16527545,0.007632492,0.06318074,406,1
0.105099946,0.117642574,0.014464369,0.5658708,0.13878645,0.042553645,0.011733304,0.0038488829,280,1
0.12265336,0.16805895,0.011368539,0.47480413,0.05944279,0.1513906,0.009330715,0.002950896,325,1
0.06299794,0.57769877,0.097457,0.1664668,0.015795078,0.04237979,0.03456196,0.0026426874,419,1
0.14223035,0.17457935,0.087349154,0.27058238,0.13825154,0.13781548,0.009913644,0.039278127,297,1
0.09491401,0.22209416,0.014675831,0.55174094,0.02410315,0.07749052,0.011272493,0.0037088736,202,1
0.05410203,0.29282942,0.07065177,0.33454812,0.10293862,0.09875593,0.0448475,0.0013265265,899,1
0.013127883,0.02166543,0.050690725,0.39105013,0.037588138,0.41730893,0.06680265,0.0017661281,702,1
0.096182786,0.07263547,0.017009567,0.5935402,0.027037248,0.17517322,0.013882003,0.0045395517,193,1
0.020684648,0.13022539,0.013619001,0.55977297,0.07869481,0.06141933,0.09686538,0.038718462,279,1
0.019640408,0.080303214,0.012556295,0.55954415,0.11309217,0.0945671,0.043148503,0.077148184,214,1
0.14029214,0.06655454,0.050570272,0.45678487,0.054581553,0.12214571,0.106786236,0.0022846556,507,1
0.020501167,0.19741234,0.3006862,0.416061,0.016796833,0.03696086,0.00871422,0.002867348,353,1
0.16693595,0.10602131,0.061796788,0.42964834,0.03570829,0.13665324,0.013907832,0.049328234,192,1
0.02056916,0.097859,0.045000505,0.4871361,0.04751212,0.11597547,0.18323399,0.00271359,371,1
0.012397032,0.19611467,0.008464902,0.48271608,0.038052212,0.10673068,0.13112293,0.024401516,435,1
0.040398225,0.06286568,0.123368196,0.40187776,0.07426267,0.28225228,0.011267562,0.0037075845,294,1
0.019210096,0.20310606,0.009856695,0.43822044,0.1152893,0.119318016,0.035617094,0.059382327,414,1
0.018358953,0.24135248,0.0130744,0.37910736,0.26888636,0.034698643,0.009770789,0.03475104,300,1
0.034663882,0.026804632,0.06359217,0.49688774,0.060081188,0.2837205,0.018690437,0.015559447,810,1
0.017731834,0.1558233,0.011000982,0.6062923,0.07555082,0.12069491,0.009954791,0.0029510169,305,1
0.13713287,0.10268829,0.015528971,0.5074925,0.07256705,0.1477646,0.012659958,0.0041657244,208,1
0.052595362,0.16522959,0.0083568655,0.40618554,0.18140835,0.15580629,0.006644238,0.023773804,471,1
0.020688111,0.13243683,0.0133876465,0.7202576,0.021205286,0.07756869,0.010878912,0.003576964,245,1
0.061224256,0.18496123,0.01133052,0.4311282,0.06204935,0.20252112,0.043745883,0.003039454,285,1
0.067286596,0.38568544,0.054772977,0.29215047,0.08604494,0.07107713,0.041456062,0.0015264429,728,1
0.04974026,0.13270295,0.0073520634,0.70301294,0.012834351,0.062094413,0.03032793,0.0019350586,572,1
0.06810155,0.046800356,0.014369203,0.4748255,0.18067254,0.19968602,0.011696178,0.003848622,230,1
0.21353824,0.072668806,0.007928548,0.5632523,0.015437332,0.094718605,0.030360784,0.0020953857,553,1
0.01916539,0.14554681,0.014018506,0.64868844,0.021633638,0.10577407,0.04193949,0.0032336765,308,1
0.20550324,0.062691346,0.016069887,0.41527557,0.06338692,0.1588891,0.07401839,0.0041655255,222,1
0.021806832,0.12888193,0.055660408,0.71477854,0.022176547,0.04150171,0.011486259,0.0037077847,308,1
0.02941933,0.0589875,0.01567859,0.57104224,0.07121462,0.193386,0.056106098,0.00416567,184,1
0.12281902,0.080288395,0.08026249,0.32168067,0.02244246,0.32094726,0.048105016,0.0034547031,251,1
0.055435814,0.35520196,0.0473736,0.4323098,0.020585116,0.041009493,0.010518903,0.03756526,361,1
0.0178139,0.037009828,0.011330252,0.5784115,0.048037093,0.25643253,0.047925517,0.003039393,355,1
0.029179187,0.049045548,0.009489572,0.5385393,0.06654738,0.27144724,0.033240464,0.0025113365,445,1
0.038838085,0.12196486,0.016926391,0.29969054,0.14806184,0.35975686,0.014232525,0.00052894524,2254,1
0.02083592,0.046389036,0.013401786,0.7608373,0.06788773,0.07620259,0.010869123,0.003576483,267,1
0.110687725,0.056609426,0.015657926,0.32061607,0.14316604,0.33710095,0.012160424,0.0040014526,283,1
0.11746799,0.12277294,0.014956068,0.64956313,0.027677525,0.051239338,0.012322257,0.0040007504,208,1
0.10669923,0.08359233,0.037459537,0.39206254,0.12324331,0.22118287,0.033184487,0.0025757267,399,1
0.021228349,0.10471837,0.011412498,0.65749556,0.024715493,0.13812615,0.039264273,0.0030392876,310,1
0.07359503,0.101011924,0.013785456,0.40802458,0.17400031,0.21441014,0.01159588,0.0035766738,264,1
0.09157266,0.24810454,0.051920265,0.47420493,0.02554584,0.09420415,0.01087071,0.0035769271,274,1
0.08939429,0.22596954,0.0042815832,0.28365526,0.24656963,0.11182599,0.0372072,0.001096462,1131,1
0.1574749,0.13276385,0.012093051,0.4755656,0.055003025,0.15401231,0.00985344,0.0032338267,284,1
0.06528735,0.19574115,0.015528921,0.6252078,0.03460793,0.0468012,0.012659911,0.0041657127,159,1
0.020814696,0.065009266,0.08199894,0.5649141,0.020348793,0.23315798,0.010415845,0.0033403358,253,1
0.114745624,0.13686585,0.053921957,0.18408862,0.10684061,0.38274997,0.014427984,0.006359345,2336,1
0.01897136,0.39860663,0.077193454,0.34354222,0.01984072,0.067231864,0.009540383,0.065073386,258,0
0.083493784,0.063513786,0.017793393,0.63607824,0.080009565,0.09965492,0.01470375,0.004752625,153,1
0.0633157,0.053531885,0.014954503,0.77857566,0.023412356,0.048712887,0.0134964455,0.0040005855,215,1
0.15270196,0.06692577,0.014027013,0.41748866,0.20982496,0.123706885,0.011617053,0.0037076583,265,1
0.021765118,0.047995117,0.051009025,0.79685104,0.021732746,0.045655116,0.011284056,0.003707744,209,1
0.0703514,0.07902175,0.012877705,0.6896688,0.020544482,0.11358268,0.010498512,0.0034546803,305,1
0.042445824,0.07671284,0.009219667,0.76340216,0.014694361,0.0840159,0.0071722297,0.0023370653,372,1
0.012844311,0.38746434,0.104547136,0.22853315,0.15094757,0.032911696,0.061433528,0.021318285,633,1
0.21895938,0.09280447,0.00731977,0.4436289,0.03633275,0.1737199,0.025299799,0.0019350429,590,1
0.012797343,0.30432233,0.008698465,0.44463217,0.07055358,0.106848404,0.049961783,0.0021859347,360,0
0.026917871,0.055283986,0.014939285,0.6510256,0.097140566,0.13807265,0.012619197,0.004000801,201,1
0.06977854,0.05350013,0.010159049,0.7104626,0.017258003,0.10077246,0.008548799,0.029520338,363,1
0.022317197,0.123641446,0.014348114,0.6677537,0.06046839,0.09592489,0.01169726,0.0038489576,184,1
0.10725778,0.14590585,0.014956105,0.44173163,0.2293138,0.04463735,0.012196575,0.004000915,203,1
0.05981994,0.20344596,0.04519964,0.44786656,0.121294916,0.11297257,0.0071665025,0.0022338887,482,1
0.025827033,0.049451724,0.015529043,0.6982975,0.024519796,0.16954918,0.012660001,0.004165738,215,1
0.13126165,0.0966726,0.010278835,0.44845372,0.10955999,0.16518408,0.035875686,0.0027134626,339,1
0.023215448,0.097147144,0.0134725105,0.53816676,0.020926293,0.25704047,0.046454348,0.003577034,220,1
0.086640626,0.17182642,0.020714488,0.59373844,0.03314024,0.07156928,0.016838085,0.0055324365,178,1
0.14224297,0.05730942,0.09373254,0.5046372,0.02638222,0.15937185,0.0123228915,0.0040008994,153,1
0.07390936,0.07539904,0.0124955615,0.58543754,0.021639572,0.2175991,0.010179674,0.0033402117,367,1
0.06292895,0.121070795,0.028372638,0.63471556,0.078229606,0.06638774,0.0062418506,0.0020528524,443,1
0.024365697,0.10150598,0.087070934,0.4408881,0.060466398,0.058844488,0.22315036,0.0037080452,294,1
0.14337121,0.12093928,0.017859958,0.42200464,0.08304672,0.099492215,0.014573409,0.09871261,286,1
0.022542082,0.06847496,0.014356129,0.7095101,0.026147561,0.105284005,0.049835637,0.0038494847,204,1
0.076708056,0.18392952,0.013456382,0.63332087,0.023284718,0.055348054,0.01049802,0.0034543695,240,1
0.11655467,0.20618981,0.0082758,0.45269608,0.035630126,0.17196599,0.006547874,0.0021396636,603,1
0.022073977,0.08759813,0.012452829,0.68300533,0.019493196,0.1618784,0.010157716,0.0033404408,282,1
0.020949477,0.041769598,0.013332933,0.7769184,0.020867685,0.076184504,0.04640073,0.003576627,213,1
0.041362975,0.116735145,0.03178591,0.39178917,0.0847104,0.30071235,0.0071046236,0.025799423,521,1
0.033308312,0.23594274,0.023061978,0.4351535,0.15839218,0.09639314,0.013403719,0.0043444135,158,1
0.06015587,0.33139154,0.21136424,0.22851852,0.0792673,0.06848812,0.019332785,0.0014816469,734,0
0.022638695,0.117553875,0.010554001,0.30516005,0.047964945,0.3157218,0.17776425,0.0026423226,432,1
0.023116026,0.27811822,0.08140482,0.26633334,0.15507923,0.0628667,0.09234461,0.040737063,952,1
0.098375715,0.090385735,0.014348092,0.5722914,0.023573088,0.18540053,0.011776596,0.0038489203,201,1
0.0508812,0.061140176,0.0441372,0.46222255,0.021643562,0.34795907,0.009065022,0.002951253,338,1
0.07618779,0.050637003,0.016209688,0.43363157,0.025489395,0.3802972,0.0132029345,0.0043444256,217,1
0.15547828,0.04608067,0.0138328755,0.54018354,0.07347209,0.12137157,0.010869623,0.038711365,283,1
0.019401604,0.042144146,0.012821679,0.35880774,0.4998202,0.05308896,0.010682108,0.0032335455,225,1
0.031727616,0.0693243,0.018590622,0.53471684,0.029163755,0.2963338,0.015155955,0.0049870433,201,1
0.022440394,0.08870825,0.014467248,0.74814236,0.023895845,0.042924397,0.055572595,0.0038488836,173,1
0.017577758,0.06425296,0.011472804,0.74129605,0.020364927,0.1327592,0.009236912,0.0030393663,302,1
0.18185343,0.09270125,0.09021408,0.4365375,0.09786945,0.046912845,0.050456963,0.0034544754,260,1
0.049758706,0.16485818,0.06664776,0.4799392,0.028046433,0.1457101,0.002349284,0.06269029,1440,1
0.21175821,0.029121581,0.008438588,0.58736527,0.014663882,0.13922012,0.007198416,0.0022339353,489,1
0.023316583,0.13142292,0.014914582,0.7058516,0.023343017,0.044979747,0.052170556,0.004000953,226,1
0.11974331,0.3014225,0.048333447,0.38692763,0.045139242,0.087465435,0.008254915,0.0027134693,352,1
0.025149835,0.06269843,0.016195102,0.46661794,0.068290316,0.2146986,0.14200535,0.0043444475,192,1
0.019567007,0.27644432,0.009440974,0.41681194,0.0704832,0.19693197,0.0078090243,0.002511527,465,1
0.042390093,0.33206245,0.17180063,0.16233376,0.019687586,0.11180743,0.07136686,0.08855118,406,0
0.03308307,0.052565057,0.013997006,0.5804082,0.22916768,0.07554438,0.011658169,0.003576427,255,1
0.032922197,0.07783534,0.012894936,0.64126176,0.10540096,0.115716286,0.010514049,0.0034545013,223,1
0.046093136,0.40817586,0.1402995,0.2788982,0.03746961,0.06465684,0.022857014,0.0015498091,726,0
0.10225849,0.12373717,0.01491225,0.59977055,0.060481336,0.044801462,0.0501897,0.0038489972,203,1
0.07190343,0.056581087,0.0133327255,0.6969532,0.05745938,0.04979979,0.05039299,0.003577443,217,1
0.01497505,0.20612675,0.25942823,0.42602658,0.04927046,0.034260686,0.0074617667,0.0024504834,374,1
0.05368877,0.15129541,0.00799516,0.53296256,0.060496993,0.1592438,0.032177575,0.002139697,526,1
0.06910272,0.1089487,0.01073094,0.39788175,0.040931314,0.15519331,0.21476069,0.002450539,472,1
0.019405164,0.19781245,0.015529895,0.6936345,0.022601774,0.037507113,0.010168596,0.0033404364,238,1
0.06610462,0.15745026,0.0052814237,0.54936683,0.052100334,0.06224133,0.023408946,0.08404619,860,1
0.11101329,0.10932082,0.016195705,0.35359842,0.2965147,0.052890103,0.05612204,0.0043449537,193,1
0.017709514,0.060418133,0.09225031,0.5895421,0.18870857,0.039086245,0.009245857,0.0030393158,410,1
0.051268566,0.25819826,0.15240802,0.39520305,0.017735822,0.11275298,0.009393533,0.0030397244,334,1
0.12130438,0.08335744,0.0096664345,0.4882947,0.013567768,0.17667125,0.0069717146,0.10016633,594,1
